<?xml version="1.0" encoding="UTF-8"?>
<PROFILES>

  <PROFILE Description="MAN Systemmodelle für Demonstrator MA Simon."
           Group="MA_Simon_Library"
           Hide="FALSE"
           Id="ec8f8c0f-653a-490a-a82f-108ea1a7df80"
           Image="MAN.bmp"
           Name="MA_Simon_Library"
           Pkf_File="MA_Simon_Library_ec8f8c0f_653a_490a_a82f_108ea1a7df80.pkf"
           PackageName="MA_Simon_Library"
           RequiredFeature="ART_SYSML">

    <CONTAINED_PROFILES>
      <CONTAINED_PROFILE>Requirements</CONTAINED_PROFILE>
    </CONTAINED_PROFILES>

    <REQUIRED_PROFILES>
      <REQUIRED_PROFILE>UML Profile</REQUIRED_PROFILE>
      <REQUIRED_PROFILE>SysML Profile</REQUIRED_PROFILE> 
      <REQUIRED_PROFILE>STUDIO_UTILS</REQUIRED_PROFILE>
    </REQUIRED_PROFILES>

    <EXCLUDED_PROFILES>

      <!-- TDK Code Generators -->
      <EXCLUDED_PROFILE>Ada Generator</EXCLUDED_PROFILE>
      <EXCLUDED_PROFILE>C Generator</EXCLUDED_PROFILE>
      <EXCLUDED_PROFILE>C# Generator</EXCLUDED_PROFILE>
      <EXCLUDED_PROFILE>C++ Generator</EXCLUDED_PROFILE>
      <EXCLUDED_PROFILE>IDL Generator</EXCLUDED_PROFILE>
      <EXCLUDED_PROFILE>Java Generator</EXCLUDED_PROFILE>
      <EXCLUDED_PROFILE>PikeOS653 Generator</EXCLUDED_PROFILE>
      <EXCLUDED_PROFILE>TDK Generator Framework</EXCLUDED_PROFILE>
      <EXCLUDED_PROFILE>VB Generator</EXCLUDED_PROFILE>
      <EXCLUDED_PROFILE>VxWorks653 Generator</EXCLUDED_PROFILE>

    </EXCLUDED_PROFILES>

    <MIGRATION_VERSIONS>
      <MIGRATION_VERSION Version="8000"/>
    </MIGRATION_VERSIONS>

  </PROFILE>

</PROFILES>